figure,problem,metric,method,seeds,n_runs,final_iteration,final_mean,final_std,final_sem,final_mean_minus_sem,final_mean_plus_sem,source_dir,source_files
poisson_convergence,Poisson,l2,Vanilla PINN,1018 1314 2026 2138 3412 3624 4138 4396 5035 5752,10,50000,1.6787080376e-01,8.3685474343e-03,2.6463670599e-03,1.6522443670e-01,1.7051717082e-01,Poisson\Reproducible,losses_poisson_pinn_1018.txt losses_poisson_pinn_1314.txt losses_poisson_pinn_2026.txt losses_poisson_pinn_2138.txt losses_poisson_pinn_3412.txt losses_poisson_pinn_3624.txt losses_poisson_pinn_4138.txt losses_poisson_pinn_4396.txt losses_poisson_pinn_5035.txt losses_poisson_pinn_5752.txt
poisson_convergence,Poisson,l2,SA-PINN,1018 1314 2026 2138 3412 3624 4138 4396 5035 5752,10,50000,1.8920010540e-02,3.8199860614e-03,1.2079856584e-03,1.7712024882e-02,2.0127996198e-02,Poisson\Reproducible,losses_poisson_sa_1018.txt losses_poisson_sa_1314.txt losses_poisson_sa_2026.txt losses_poisson_sa_2138.txt losses_poisson_sa_3412.txt losses_poisson_sa_3624.txt losses_poisson_sa_4138.txt losses_poisson_sa_4396.txt losses_poisson_sa_5035.txt losses_poisson_sa_5752.txt
poisson_convergence,Poisson,l2,RBA-PINN,1018 1314 2026 2138 3412 3624 4138 4396 5035 5752,10,50000,1.4442755720e-02,3.5820614124e-03,1.1327472782e-03,1.3310008442e-02,1.5575502998e-02,Poisson\Reproducible,losses_poisson_rba_1018.txt losses_poisson_rba_1314.txt losses_poisson_rba_2026.txt losses_poisson_rba_2138.txt losses_poisson_rba_3412.txt losses_poisson_rba_3624.txt losses_poisson_rba_4138.txt losses_poisson_rba_4396.txt losses_poisson_rba_5035.txt losses_poisson_rba_5752.txt
poisson_convergence,Poisson,l2,LoReW-PINN,1018 1314 2026 2138 3412 3624 4138 4396 5035 5752,10,50000,1.8274547200e-03,4.1427195343e-04,1.3100429436e-04,1.6964504256e-03,1.9584590144e-03,Poisson\Reproducible,losses_poisson_lorew_pinn_1018.txt losses_poisson_lorew_pinn_1314.txt losses_poisson_lorew_pinn_2026.txt losses_poisson_lorew_pinn_2138.txt losses_poisson_lorew_pinn_3412.txt losses_poisson_lorew_pinn_3624.txt losses_poisson_lorew_pinn_4138.txt losses_poisson_lorew_pinn_4396.txt losses_poisson_lorew_pinn_5035.txt losses_poisson_lorew_pinn_5752.txt
poisson_convergence,Poisson,linf,Vanilla PINN,1018 1314 2026 2138 3412 3624 4138 4396 5035 5752,10,50000,4.1580762875e-01,2.3761241931e-02,7.5139644535e-03,4.0829366430e-01,4.2332159320e-01,Poisson\Reproducible,losses_poisson_pinn_1018.txt losses_poisson_pinn_1314.txt losses_poisson_pinn_2026.txt losses_poisson_pinn_2138.txt losses_poisson_pinn_3412.txt losses_poisson_pinn_3624.txt losses_poisson_pinn_4138.txt losses_poisson_pinn_4396.txt losses_poisson_pinn_5035.txt losses_poisson_pinn_5752.txt
poisson_convergence,Poisson,linf,SA-PINN,1018 1314 2026 2138 3412 3624 4138 4396 5035 5752,10,50000,7.0357003670e-02,2.0456104300e-02,6.4687881641e-03,6.3888215506e-02,7.6825791834e-02,Poisson\Reproducible,losses_poisson_sa_1018.txt losses_poisson_sa_1314.txt losses_poisson_sa_2026.txt losses_poisson_sa_2138.txt losses_poisson_sa_3412.txt losses_poisson_sa_3624.txt losses_poisson_sa_4138.txt losses_poisson_sa_4396.txt losses_poisson_sa_5035.txt losses_poisson_sa_5752.txt
poisson_convergence,Poisson,linf,RBA-PINN,1018 1314 2026 2138 3412 3624 4138 4396 5035 5752,10,50000,7.5418127400e-02,2.6214996250e-02,8.2899097004e-03,6.7128217700e-02,8.3708037100e-02,Poisson\Reproducible,losses_poisson_rba_1018.txt losses_poisson_rba_1314.txt losses_poisson_rba_2026.txt losses_poisson_rba_2138.txt losses_poisson_rba_3412.txt losses_poisson_rba_3624.txt losses_poisson_rba_4138.txt losses_poisson_rba_4396.txt losses_poisson_rba_5035.txt losses_poisson_rba_5752.txt
poisson_convergence,Poisson,linf,LoReW-PINN,1018 1314 2026 2138 3412 3624 4138 4396 5035 5752,10,50000,9.3408917700e-03,3.0796530652e-03,9.7387180891e-04,8.3670199611e-03,1.0314763579e-02,Poisson\Reproducible,losses_poisson_lorew_pinn_1018.txt losses_poisson_lorew_pinn_1314.txt losses_poisson_lorew_pinn_2026.txt losses_poisson_lorew_pinn_2138.txt losses_poisson_lorew_pinn_3412.txt losses_poisson_lorew_pinn_3624.txt losses_poisson_lorew_pinn_4138.txt losses_poisson_lorew_pinn_4396.txt losses_poisson_lorew_pinn_5035.txt losses_poisson_lorew_pinn_5752.txt
helmholtz_convergence,Helmholtz,l2,Vanilla PINN,1234 1648 2138 2341 3053 3624 4083 4399 5035 5472,10,30000,1.1840812149e-01,1.5006517260e-02,4.7454774288e-03,1.1366264406e-01,1.2315359892e-01,Helmholtz\Reproducible,losses_helmholtz_pinn_1234.txt losses_helmholtz_pinn_1648.txt losses_helmholtz_pinn_2138.txt losses_helmholtz_pinn_2341.txt losses_helmholtz_pinn_3053.txt losses_helmholtz_pinn_3624.txt losses_helmholtz_pinn_4083.txt losses_helmholtz_pinn_4399.txt losses_helmholtz_pinn_5035.txt losses_helmholtz_pinn_5472.txt
helmholtz_convergence,Helmholtz,l2,SA-PINN,1234 1648 2138 2341 3053 3624 4083 4399 5035 5472,10,30000,2.3082256440e-02,4.5399817874e-03,1.4356682984e-03,2.1646588142e-02,2.4517924738e-02,Helmholtz\Reproducible,losses_helmholtz_sa_1234.txt losses_helmholtz_sa_1648.txt losses_helmholtz_sa_2138.txt losses_helmholtz_sa_2341.txt losses_helmholtz_sa_3053.txt losses_helmholtz_sa_3624.txt losses_helmholtz_sa_4083.txt losses_helmholtz_sa_4399.txt losses_helmholtz_sa_5035.txt losses_helmholtz_sa_5472.txt
helmholtz_convergence,Helmholtz,l2,RBA-PINN,1234 1648 2138 2341 3053 3624 4083 4399 5035 5472,10,30000,1.4721238830e-02,7.3329472327e-03,2.3188815217e-03,1.2402357308e-02,1.7040120352e-02,Helmholtz\Reproducible,losses_helmholtz_rba_1234.txt losses_helmholtz_rba_1648.txt losses_helmholtz_rba_2138.txt losses_helmholtz_rba_2341.txt losses_helmholtz_rba_3053.txt losses_helmholtz_rba_3624.txt losses_helmholtz_rba_4083.txt losses_helmholtz_rba_4399.txt losses_helmholtz_rba_5035.txt losses_helmholtz_rba_5472.txt
helmholtz_convergence,Helmholtz,l2,LoReW-PINN,1234 1648 2138 2341 3053 3624 4083 4399 5035 5472,10,30000,1.6525625400e-03,2.7057305826e-04,8.5562713759e-05,1.5669998262e-03,1.7381252538e-03,Helmholtz\Reproducible,losses_helmholtz_lorew_pinn_1234.txt losses_helmholtz_lorew_pinn_1648.txt losses_helmholtz_lorew_pinn_2138.txt losses_helmholtz_lorew_pinn_2341.txt losses_helmholtz_lorew_pinn_3053.txt losses_helmholtz_lorew_pinn_3624.txt losses_helmholtz_lorew_pinn_4083.txt losses_helmholtz_lorew_pinn_4399.txt losses_helmholtz_lorew_pinn_5035.txt losses_helmholtz_lorew_pinn_5472.txt
helmholtz_convergence,Helmholtz,linf,Vanilla PINN,1234 1648 2138 2341 3053 3624 4083 4399 5035 5472,10,30000,4.4919755060e-01,6.6763296130e-02,2.1112407987e-02,4.2808514261e-01,4.7030995859e-01,Helmholtz\Reproducible,losses_helmholtz_pinn_1234.txt losses_helmholtz_pinn_1648.txt losses_helmholtz_pinn_2138.txt losses_helmholtz_pinn_2341.txt losses_helmholtz_pinn_3053.txt losses_helmholtz_pinn_3624.txt losses_helmholtz_pinn_4083.txt losses_helmholtz_pinn_4399.txt losses_helmholtz_pinn_5035.txt losses_helmholtz_pinn_5472.txt
helmholtz_convergence,Helmholtz,linf,SA-PINN,1234 1648 2138 2341 3053 3624 4083 4399 5035 5472,10,30000,9.5663848330e-02,2.1186436311e-02,6.6997394246e-03,8.8964108905e-02,1.0236358775e-01,Helmholtz\Reproducible,losses_helmholtz_sa_1234.txt losses_helmholtz_sa_1648.txt losses_helmholtz_sa_2138.txt losses_helmholtz_sa_2341.txt losses_helmholtz_sa_3053.txt losses_helmholtz_sa_3624.txt losses_helmholtz_sa_4083.txt losses_helmholtz_sa_4399.txt losses_helmholtz_sa_5035.txt losses_helmholtz_sa_5472.txt
helmholtz_convergence,Helmholtz,linf,RBA-PINN,1234 1648 2138 2341 3053 3624 4083 4399 5035 5472,10,30000,8.3521265140e-02,6.3094360853e-02,1.9952188781e-02,6.3569076359e-02,1.0347345392e-01,Helmholtz\Reproducible,losses_helmholtz_rba_1234.txt losses_helmholtz_rba_1648.txt losses_helmholtz_rba_2138.txt losses_helmholtz_rba_2341.txt losses_helmholtz_rba_3053.txt losses_helmholtz_rba_3624.txt losses_helmholtz_rba_4083.txt losses_helmholtz_rba_4399.txt losses_helmholtz_rba_5035.txt losses_helmholtz_rba_5472.txt
helmholtz_convergence,Helmholtz,linf,LoReW-PINN,1234 1648 2138 2341 3053 3624 4083 4399 5035 5472,10,30000,9.6017063900e-03,3.0734847021e-03,9.7192120123e-04,8.6297851888e-03,1.0573627591e-02,Helmholtz\Reproducible,losses_helmholtz_lorew_pinn_1234.txt losses_helmholtz_lorew_pinn_1648.txt losses_helmholtz_lorew_pinn_2138.txt losses_helmholtz_lorew_pinn_2341.txt losses_helmholtz_lorew_pinn_3053.txt losses_helmholtz_lorew_pinn_3624.txt losses_helmholtz_lorew_pinn_4083.txt losses_helmholtz_lorew_pinn_4399.txt losses_helmholtz_lorew_pinn_5035.txt losses_helmholtz_lorew_pinn_5472.txt
reaction_diffusion_convergence,Reaction-Diffusion,l2,Vanilla PINN,1018 1428 2026 2138 3053 3521 4083 4396 5035 5472,10,30000,2.0000855200e-02,7.3691310727e-03,2.3303238566e-03,1.7670531343e-02,2.2331179057e-02,RD\Reproducible,losses_rd_pinn_1018.txt losses_rd_pinn_1428.txt losses_rd_pinn_2026.txt losses_rd_pinn_2138.txt losses_rd_pinn_3053.txt losses_rd_pinn_3521.txt losses_rd_pinn_4083.txt losses_rd_pinn_4396.txt losses_rd_pinn_5035.txt losses_rd_pinn_5472.txt
reaction_diffusion_convergence,Reaction-Diffusion,l2,SA-PINN,1018 1428 2026 2138 3053 3521 4083 4396 5035 5472,10,30000,1.2832112190e-02,4.9046147051e-03,1.5509753514e-03,1.1281136839e-02,1.4383087541e-02,RD\Reproducible,losses_rd_sa_1018.txt losses_rd_sa_1428.txt losses_rd_sa_2026.txt losses_rd_sa_2138.txt losses_rd_sa_3053.txt losses_rd_sa_3521.txt losses_rd_sa_4083.txt losses_rd_sa_4396.txt losses_rd_sa_5035.txt losses_rd_sa_5472.txt
reaction_diffusion_convergence,Reaction-Diffusion,l2,RBA-PINN,1018 1428 2026 2138 3053 3521 4083 4396 5035 5472,10,30000,1.0087052770e-02,2.7706633731e-03,8.7616068887e-04,9.2108920811e-03,1.0963213459e-02,RD\Reproducible,losses_rd_rba_1018.txt losses_rd_rba_1428.txt losses_rd_rba_2026.txt losses_rd_rba_2138.txt losses_rd_rba_3053.txt losses_rd_rba_3521.txt losses_rd_rba_4083.txt losses_rd_rba_4396.txt losses_rd_rba_5035.txt losses_rd_rba_5472.txt
reaction_diffusion_convergence,Reaction-Diffusion,l2,C-LoReW-PINN,1018 1428 2026 2138 3053 3521 4083 4396 5035 5472,10,30000,5.8174264400e-03,9.9302061914e-04,3.1402069200e-04,5.5034057480e-03,6.1314471320e-03,RD\Reproducible,losses_rd_clorew_pinn_1018.txt losses_rd_clorew_pinn_1428.txt losses_rd_clorew_pinn_2026.txt losses_rd_clorew_pinn_2138.txt losses_rd_clorew_pinn_3053.txt losses_rd_clorew_pinn_3521.txt losses_rd_clorew_pinn_4083.txt losses_rd_clorew_pinn_4396.txt losses_rd_clorew_pinn_5035.txt losses_rd_clorew_pinn_5472.txt
reaction_diffusion_convergence,Reaction-Diffusion,linf,Vanilla PINN,1018 1428 2026 2138 3053 3521 4083 4396 5035 5472,10,30000,2.8599562870e-02,8.6393323962e-03,2.7319967835e-03,2.5867566086e-02,3.1331559654e-02,RD\Reproducible,losses_rd_pinn_1018.txt losses_rd_pinn_1428.txt losses_rd_pinn_2026.txt losses_rd_pinn_2138.txt losses_rd_pinn_3053.txt losses_rd_pinn_3521.txt losses_rd_pinn_4083.txt losses_rd_pinn_4396.txt losses_rd_pinn_5035.txt losses_rd_pinn_5472.txt
reaction_diffusion_convergence,Reaction-Diffusion,linf,SA-PINN,1018 1428 2026 2138 3053 3521 4083 4396 5035 5472,10,30000,2.1590989840e-02,1.1592532095e-02,3.6658805268e-03,1.7925109313e-02,2.5256870367e-02,RD\Reproducible,losses_rd_sa_1018.txt losses_rd_sa_1428.txt losses_rd_sa_2026.txt losses_rd_sa_2138.txt losses_rd_sa_3053.txt losses_rd_sa_3521.txt losses_rd_sa_4083.txt losses_rd_sa_4396.txt losses_rd_sa_5035.txt losses_rd_sa_5472.txt
reaction_diffusion_convergence,Reaction-Diffusion,linf,RBA-PINN,1018 1428 2026 2138 3053 3521 4083 4396 5035 5472,10,30000,2.0804735500e-02,9.3815289800e-03,2.9666999512e-03,1.7838035549e-02,2.3771435451e-02,RD\Reproducible,losses_rd_rba_1018.txt losses_rd_rba_1428.txt losses_rd_rba_2026.txt losses_rd_rba_2138.txt losses_rd_rba_3053.txt losses_rd_rba_3521.txt losses_rd_rba_4083.txt losses_rd_rba_4396.txt losses_rd_rba_5035.txt losses_rd_rba_5472.txt
reaction_diffusion_convergence,Reaction-Diffusion,linf,C-LoReW-PINN,1018 1428 2026 2138 3053 3521 4083 4396 5035 5472,10,30000,1.0607675620e-02,4.7432575732e-03,1.4999497460e-03,9.1077258740e-03,1.2107625366e-02,RD\Reproducible,losses_rd_clorew_pinn_1018.txt losses_rd_clorew_pinn_1428.txt losses_rd_clorew_pinn_2026.txt losses_rd_clorew_pinn_2138.txt losses_rd_clorew_pinn_3053.txt losses_rd_clorew_pinn_3521.txt losses_rd_clorew_pinn_4083.txt losses_rd_clorew_pinn_4396.txt losses_rd_clorew_pinn_5035.txt losses_rd_clorew_pinn_5472.txt
klein_gordon_convergence,Klein-Gordon,l2,Vanilla PINN,1018 1234 2048 2341 3624 3899 4123 4396 5231 5472,10,40000,9.0092734810e-02,4.5625913610e-02,1.4428180733e-02,7.5664554077e-02,1.0452091554e-01,KG\Reproducible,losses_kg_pinn_1018.txt losses_kg_pinn_1234.txt losses_kg_pinn_2048.txt losses_kg_pinn_2341.txt losses_kg_pinn_3624.txt losses_kg_pinn_3899.txt losses_kg_pinn_4123.txt losses_kg_pinn_4396.txt losses_kg_pinn_5231.txt losses_kg_pinn_5472.txt
klein_gordon_convergence,Klein-Gordon,l2,SA-PINN,1018 1234 2048 2341 3624 3899 4123 4396 5231 5472,10,40000,2.0693062390e-02,7.9560707399e-03,2.5159304763e-03,1.8177131914e-02,2.3208992866e-02,KG\Reproducible,losses_kg_sa_1018.txt losses_kg_sa_1234.txt losses_kg_sa_2048.txt losses_kg_sa_2341.txt losses_kg_sa_3624.txt losses_kg_sa_3899.txt losses_kg_sa_4123.txt losses_kg_sa_4396.txt losses_kg_sa_5231.txt losses_kg_sa_5472.txt
klein_gordon_convergence,Klein-Gordon,l2,RBA-PINN,1018 1234 2048 2341 3624 3899 4123 4396 5231 5472,10,40000,3.9108802210e-02,3.3400586876e-02,1.0562192971e-02,2.8546609239e-02,4.9670995181e-02,KG\Reproducible,losses_kg_rba_1018.txt losses_kg_rba_1234.txt losses_kg_rba_2048.txt losses_kg_rba_2341.txt losses_kg_rba_3624.txt losses_kg_rba_3899.txt losses_kg_rba_4123.txt losses_kg_rba_4396.txt losses_kg_rba_5231.txt losses_kg_rba_5472.txt
klein_gordon_convergence,Klein-Gordon,l2,C-LoReW-PINN,1018 1234 2048 2341 3624 3899 4123 4396 5231 5472,10,40000,5.2887504300e-03,1.7351870696e-03,5.4871433063e-04,4.7400360994e-03,5.8374647606e-03,KG\Reproducible,losses_kg_clorew_pinn_1018.txt losses_kg_clorew_pinn_1234.txt losses_kg_clorew_pinn_2048.txt losses_kg_clorew_pinn_2341.txt losses_kg_clorew_pinn_3624.txt losses_kg_clorew_pinn_3899.txt losses_kg_clorew_pinn_4123.txt losses_kg_clorew_pinn_4396.txt losses_kg_clorew_pinn_5231.txt losses_kg_clorew_pinn_5472.txt
klein_gordon_convergence,Klein-Gordon,linf,Vanilla PINN,1018 1234 2048 2341 3624 3899 4123 4396 5231 5472,10,40000,8.2660227270e-02,4.1826661600e-02,1.3226751758e-02,6.9433475512e-02,9.5886979028e-02,KG\Reproducible,losses_kg_pinn_1018.txt losses_kg_pinn_1234.txt losses_kg_pinn_2048.txt losses_kg_pinn_2341.txt losses_kg_pinn_3624.txt losses_kg_pinn_3899.txt losses_kg_pinn_4123.txt losses_kg_pinn_4396.txt losses_kg_pinn_5231.txt losses_kg_pinn_5472.txt
klein_gordon_convergence,Klein-Gordon,linf,SA-PINN,1018 1234 2048 2341 3624 3899 4123 4396 5231 5472,10,40000,2.4290210810e-02,1.3326881863e-02,4.2143300796e-03,2.0075880730e-02,2.8504540890e-02,KG\Reproducible,losses_kg_sa_1018.txt losses_kg_sa_1234.txt losses_kg_sa_2048.txt losses_kg_sa_2341.txt losses_kg_sa_3624.txt losses_kg_sa_3899.txt losses_kg_sa_4123.txt losses_kg_sa_4396.txt losses_kg_sa_5231.txt losses_kg_sa_5472.txt
klein_gordon_convergence,Klein-Gordon,linf,RBA-PINN,1018 1234 2048 2341 3624 3899 4123 4396 5231 5472,10,40000,4.9849687930e-02,3.9858228979e-02,1.2604278708e-02,3.7245409222e-02,6.2453966638e-02,KG\Reproducible,losses_kg_rba_1018.txt losses_kg_rba_1234.txt losses_kg_rba_2048.txt losses_kg_rba_2341.txt losses_kg_rba_3624.txt losses_kg_rba_3899.txt losses_kg_rba_4123.txt losses_kg_rba_4396.txt losses_kg_rba_5231.txt losses_kg_rba_5472.txt
klein_gordon_convergence,Klein-Gordon,linf,C-LoReW-PINN,1018 1234 2048 2341 3624 3899 4123 4396 5231 5472,10,40000,6.5203447900e-03,1.6316972980e-03,5.1598799135e-04,6.0043567987e-03,7.0363327813e-03,KG\Reproducible,losses_kg_clorew_pinn_1018.txt losses_kg_clorew_pinn_1234.txt losses_kg_clorew_pinn_2048.txt losses_kg_clorew_pinn_2341.txt losses_kg_clorew_pinn_3624.txt losses_kg_clorew_pinn_3899.txt losses_kg_clorew_pinn_4123.txt losses_kg_clorew_pinn_4396.txt losses_kg_clorew_pinn_5231.txt losses_kg_clorew_pinn_5472.txt
burgers_convergence,Burgers,l2,Vanilla PINN,1018 1234 2026 2566 3412 3872 4123 4256 5483 5555,10,40000,1.7913538690e-02,1.2727506079e-02,4.0247908143e-03,1.3888747876e-02,2.1938329504e-02,Burgers\Reproducible,losses_burgers_pinn_1018.txt losses_burgers_pinn_1234.txt losses_burgers_pinn_2026.txt losses_burgers_pinn_2566.txt losses_burgers_pinn_3412.txt losses_burgers_pinn_3872.txt losses_burgers_pinn_4123.txt losses_burgers_pinn_4256.txt losses_burgers_pinn_5483.txt losses_burgers_pinn_5555.txt
burgers_convergence,Burgers,l2,SA-PINN,1018 1234 2026 2566 3412 3872 4123 4256 5483 5555,10,40000,9.6109717100e-03,8.0533313464e-03,2.5466869807e-03,7.0642847293e-03,1.2157658691e-02,Burgers\Reproducible,losses_burgers_sa_1018.txt losses_burgers_sa_1234.txt losses_burgers_sa_2026.txt losses_burgers_sa_2566.txt losses_burgers_sa_3412.txt losses_burgers_sa_3872.txt losses_burgers_sa_4123.txt losses_burgers_sa_4256.txt losses_burgers_sa_5483.txt losses_burgers_sa_5555.txt
burgers_convergence,Burgers,l2,RBA-PINN,1018 1234 2026 2566 3412 3872 4123 4256 5483 5555,10,40000,1.2019693900e-02,2.5375149250e-03,8.0243267598e-04,1.1217261224e-02,1.2822126576e-02,Burgers\Reproducible,losses_burgers_rba_1018.txt losses_burgers_rba_1234.txt losses_burgers_rba_2026.txt losses_burgers_rba_2566.txt losses_burgers_rba_3412.txt losses_burgers_rba_3872.txt losses_burgers_rba_4123.txt losses_burgers_rba_4256.txt losses_burgers_rba_5483.txt losses_burgers_rba_5555.txt
burgers_convergence,Burgers,l2,C-LoReW-PINN,1018 1234 2026 2566 3412 3872 4123 4256 5483 5555,10,40000,4.0182799200e-03,1.1099303181e-03,3.5099078491e-04,3.6672891351e-03,4.3692707049e-03,Burgers\Reproducible,losses_burgers_clorew_pinn_1018.txt losses_burgers_clorew_pinn_1234.txt losses_burgers_clorew_pinn_2026.txt losses_burgers_clorew_pinn_2566.txt losses_burgers_clorew_pinn_3412.txt losses_burgers_clorew_pinn_3872.txt losses_burgers_clorew_pinn_4123.txt losses_burgers_clorew_pinn_4256.txt losses_burgers_clorew_pinn_5483.txt losses_burgers_clorew_pinn_5555.txt
burgers_convergence,Burgers,linf,Vanilla PINN,1018 1234 2026 2566 3412 3872 4123 4256 5483 5555,10,40000,1.5672699725e-01,1.1587124163e-01,3.6641703888e-02,1.2008529336e-01,1.9336870114e-01,Burgers\Reproducible,losses_burgers_pinn_1018.txt losses_burgers_pinn_1234.txt losses_burgers_pinn_2026.txt losses_burgers_pinn_2566.txt losses_burgers_pinn_3412.txt losses_burgers_pinn_3872.txt losses_burgers_pinn_4123.txt losses_burgers_pinn_4256.txt losses_burgers_pinn_5483.txt losses_burgers_pinn_5555.txt
burgers_convergence,Burgers,linf,SA-PINN,1018 1234 2026 2566 3412 3872 4123 4256 5483 5555,10,40000,9.7670045530e-02,8.5543804017e-02,2.7051326041e-02,7.0618719489e-02,1.2472137157e-01,Burgers\Reproducible,losses_burgers_sa_1018.txt losses_burgers_sa_1234.txt losses_burgers_sa_2026.txt losses_burgers_sa_2566.txt losses_burgers_sa_3412.txt losses_burgers_sa_3872.txt losses_burgers_sa_4123.txt losses_burgers_sa_4256.txt losses_burgers_sa_5483.txt losses_burgers_sa_5555.txt
burgers_convergence,Burgers,linf,RBA-PINN,1018 1234 2026 2566 3412 3872 4123 4256 5483 5555,10,40000,1.3836607487e-01,3.7408744224e-02,1.1829683615e-02,1.2653639125e-01,1.5019575849e-01,Burgers\Reproducible,losses_burgers_rba_1018.txt losses_burgers_rba_1234.txt losses_burgers_rba_2026.txt losses_burgers_rba_2566.txt losses_burgers_rba_3412.txt losses_burgers_rba_3872.txt losses_burgers_rba_4123.txt losses_burgers_rba_4256.txt losses_burgers_rba_5483.txt losses_burgers_rba_5555.txt
burgers_convergence,Burgers,linf,C-LoReW-PINN,1018 1234 2026 2566 3412 3872 4123 4256 5483 5555,10,40000,4.1213491210e-02,2.1467248794e-02,6.7885401287e-03,3.4424951081e-02,4.8002031339e-02,Burgers\Reproducible,losses_burgers_clorew_pinn_1018.txt losses_burgers_clorew_pinn_1234.txt losses_burgers_clorew_pinn_2026.txt losses_burgers_clorew_pinn_2566.txt losses_burgers_clorew_pinn_3412.txt losses_burgers_clorew_pinn_3872.txt losses_burgers_clorew_pinn_4123.txt losses_burgers_clorew_pinn_4256.txt losses_burgers_clorew_pinn_5483.txt losses_burgers_clorew_pinn_5555.txt
allen_cahn_convergence,Allen-Cahn,l2,Vanilla PINN,1018 1234 2428 2832 3542 3625 4235 4864 5483 5656,10,300000,4.3387375237e-01,1.0952860125e-01,3.4635984888e-02,3.9923776748e-01,4.6850973726e-01,AC\Reproducible,losses_pinn_fourier_1018.txt losses_pinn_fourier_1234.txt losses_pinn_fourier_2428.txt losses_pinn_fourier_2832.txt losses_pinn_fourier_3542.txt losses_pinn_fourier_3625.txt losses_pinn_fourier_4235.txt losses_pinn_fourier_4864.txt losses_pinn_fourier_5483.txt losses_pinn_fourier_5656.txt
allen_cahn_convergence,Allen-Cahn,l2,SA-PINN,1018 1234 2428 2832 3542 3625 4235 4864 5483 5656,10,300000,4.9127029600e-03,5.2659256456e-03,1.6652319029e-03,3.2474710571e-03,6.5779348629e-03,AC\Reproducible,losses_sa_fourier_1018.txt losses_sa_fourier_1234.txt losses_sa_fourier_2428.txt losses_sa_fourier_2832.txt losses_sa_fourier_3542.txt losses_sa_fourier_3625.txt losses_sa_fourier_4235.txt losses_sa_fourier_4864.txt losses_sa_fourier_5483.txt losses_sa_fourier_5656.txt
allen_cahn_convergence,Allen-Cahn,l2,RBA-PINN,1018 1234 2428 2832 3542 3625 4235 4864 5483 5656,10,300000,3.5614257000e-03,4.5613272511e-03,1.4424183267e-03,2.1190073733e-03,5.0038440267e-03,AC\Reproducible,losses_rba_fourier_1018.txt losses_rba_fourier_1234.txt losses_rba_fourier_2428.txt losses_rba_fourier_2832.txt losses_rba_fourier_3542.txt losses_rba_fourier_3625.txt losses_rba_fourier_4235.txt losses_rba_fourier_4864.txt losses_rba_fourier_5483.txt losses_rba_fourier_5656.txt
allen_cahn_convergence,Allen-Cahn,l2,C-LoReW-PINN,1018 1234 2428 2832 3542 3625 4235 4864 5483 5656,10,300000,4.2168719000e-04,8.6341792763e-05,2.7303672239e-05,3.9438351776e-04,4.4899086224e-04,AC\Reproducible,losses_clorew_pinn_fourier_1018.txt losses_clorew_pinn_fourier_1234.txt losses_clorew_pinn_fourier_2428.txt losses_clorew_pinn_fourier_2832.txt losses_clorew_pinn_fourier_3542.txt losses_clorew_pinn_fourier_3625.txt losses_clorew_pinn_fourier_4235.txt losses_clorew_pinn_fourier_4864.txt losses_clorew_pinn_fourier_5483.txt losses_clorew_pinn_fourier_5656.txt
allen_cahn_convergence,Allen-Cahn,linf,Vanilla PINN,1018 1234 2428 2832 3542 3625 4235 4864 5483 5656,10,300000,1.6436593122e+00,4.1359790695e-01,1.3079114214e-01,1.5128681701e+00,1.7744504544e+00,AC\Reproducible,losses_pinn_fourier_1018.txt losses_pinn_fourier_1234.txt losses_pinn_fourier_2428.txt losses_pinn_fourier_2832.txt losses_pinn_fourier_3542.txt losses_pinn_fourier_3625.txt losses_pinn_fourier_4235.txt losses_pinn_fourier_4864.txt losses_pinn_fourier_5483.txt losses_pinn_fourier_5656.txt
allen_cahn_convergence,Allen-Cahn,linf,SA-PINN,1018 1234 2428 2832 3542 3625 4235 4864 5483 5656,10,300000,6.9713857930e-02,1.0581367525e-01,3.3461222138e-02,3.6252635792e-02,1.0317508007e-01,AC\Reproducible,losses_sa_fourier_1018.txt losses_sa_fourier_1234.txt losses_sa_fourier_2428.txt losses_sa_fourier_2832.txt losses_sa_fourier_3542.txt losses_sa_fourier_3625.txt losses_sa_fourier_4235.txt losses_sa_fourier_4864.txt losses_sa_fourier_5483.txt losses_sa_fourier_5656.txt
allen_cahn_convergence,Allen-Cahn,linf,RBA-PINN,1018 1234 2428 2832 3542 3625 4235 4864 5483 5656,10,300000,3.3080512120e-02,3.8987565230e-02,1.2328950655e-02,2.0751561465e-02,4.5409462775e-02,AC\Reproducible,losses_rba_fourier_1018.txt losses_rba_fourier_1234.txt losses_rba_fourier_2428.txt losses_rba_fourier_2832.txt losses_rba_fourier_3542.txt losses_rba_fourier_3625.txt losses_rba_fourier_4235.txt losses_rba_fourier_4864.txt losses_rba_fourier_5483.txt losses_rba_fourier_5656.txt
allen_cahn_convergence,Allen-Cahn,linf,C-LoReW-PINN,1018 1234 2428 2832 3542 3625 4235 4864 5483 5656,10,300000,7.6114256000e-03,2.5951386565e-03,8.2065489986e-04,6.7907707001e-03,8.4320804999e-03,AC\Reproducible,losses_clorew_pinn_fourier_1018.txt losses_clorew_pinn_fourier_1234.txt losses_clorew_pinn_fourier_2428.txt losses_clorew_pinn_fourier_2832.txt losses_clorew_pinn_fourier_3542.txt losses_clorew_pinn_fourier_3625.txt losses_clorew_pinn_fourier_4235.txt losses_clorew_pinn_fourier_4864.txt losses_clorew_pinn_fourier_5483.txt losses_clorew_pinn_fourier_5656.txt
